pathway,Pathway_shortName,TypeOfPathway,Direction
HP_DEPRESSIVITY,HP_DEPRESSIVITY,Mood,NonDirectional
HP_DIMINISHED_MOTIVATION,HP_DIMINISHED_MOTIVATION,Mood,NonDirectional
HP_MOOD_CHANGES,HP_MOOD_CHANGES,Mood,NonDirectional
HP_EMOTIONAL_LABILITY,HP_EMOTIONAL_LABILITY,Mood,NonDirectional
HP_ABNORMAL_EMOTION_AFFECT_BEHAVIOR,HP_ABNORMAL_EMOTION_AFFECT_BEHAVIOR,Mood,NonDirectional
HP_MANIA,HP_MANIA,Mood,NonDirectional
"""GeneWeaver_Saul2012_GS219249_Differentially expressed genes in MSN (Madison """"Manic"""") Mouse relative to ancestral hsd:ICR strain_Top25_byPval""","GENEWEAVER_GS219249_SAUL2012_MADISON ""MANIC"" MOUSE",Mood,NonDirectional
GeneWeaver_Sequiera2012_GS219245_Differentially In Suicide Mood Disorder In The Nucleus Accumbens_Top25_byPval,GENEWEAVER_GS219245_SEQUIERA2012_SUICIDE_NACC,Mood,NonDirectional
ASTON_MAJOR_DEPRESSIVE_DISORDER_UP,ASTON_MAJOR_DEPRESSIVE_DISORDER_UP,Mood,Up
Gandal_2018_MajorDepressiveDisorder_Upregulated_Cortex,GANDAL_2018_MAJOR_DEPRESSIVE_DISORDER_CORTEX_UP,Mood,Up
Gandal_2018_BipolarDisorder_Upregulated_Cortex,GANDAL_2018_BIPOLAR_DISORDER_CORTEX_UP,Mood,Up
Gandal_2018_BipolarDisorder_Upregulated_PFC,GANDAL_2018_BIPOLAR_DISORDER_PFC_UP,Mood,Up
Gemma_GSE29417_A_New_Mouse_Model_for_Mania_Shares_Genetic_Correlates_with_Human_Bipolar_Disorder_strain_MSN_Down,GEMMA_GSE29417_MOUSE_MODEL_FOR_MANIA_DOWN,Mood,Up
Andrus_2012_WistarMoreImmobileRats_Upregulated_HC,ANDRUS_2012_WISTAR_MORE_IMMOBILE_RATS_HC_UP,Mood,Up
Raghavan_2017_WistarMoreImmobileRats_Upregulated_HC,RAGHAVAN_2017_WISTAR_MORE_IMMOBILERATS_HC_UP,Mood,Up
ASTON_MAJOR_DEPRESSIVE_DISORDER_DN,ASTON_MAJOR_DEPRESSIVE_DISORDER_DN,Mood,Down
Gandal_2018_MajorDepressiveDisorder_Downregulated_Cortex,GANDAL_2018_MAJOR_DEPRESSIVE_DISORDER_CORTEX_DOWN,Mood,Down
Gandal_2018_BipolarDisorder_Downregulated_Cortex,GANDAL_2018_BIPOLAR_DISORDER_CORTEX_DOWN,Mood,Down
Gandal_2018_BipolarDisorder_Downregulated_PFC,GANDAL_2018_BIPOLAR_DISORDER_PFC_DOWN,Mood,Down
Gemma_GSE29417_A_New_Mouse_Model_for_Mania_Shares_Genetic_Correlates_with_Human_Bipolar_Disorder_strain_MSN_Up,GEMMA_GSE29417_MOUSE_MODEL_FOR_MANIA_UP,Mood,Down
Andrus_2012_WistarMoreImmobileRats_Downregulated_HC,ANDRUS_2012_WISTAR_MORE_IMMOBILE_RATS_HC_DOWN,Mood,Down
Raghavan_2017_WistarMoreImmobileRats_Downregulated_HC,RAGHAVAN_2017_WISTAR_MORE_IMMOBILERATS_HC_DOWN,Mood,Down
HP_EXAGGERATED_STARTLE_RESPONSE,HP_EXAGGERATED_STARTLE_RESPONSE,FearAnxiety,NonDirectional
HP_ABNORMAL_FEAR_ANXIETY_RELATED_BEHAVIOR,HP_ABNORMAL_FEAR_ANXIETY_RELATED_BEHAVIOR,FearAnxiety,NonDirectional
GOBP_FEAR_RESPONSE,GOBP_FEAR_RESPONSE,FearAnxiety,NonDirectional
Replicated_InternalizingBehavior_DifferentiallyExpressed_HC,BIRT_HAGENAUER_2020_REPLICATED_INTERNALIZING_BEHAVIOR_HC,FearAnxiety,NonDirectional
Garafola_Hen_2014_CongenitallyLearnedHelpless_HC,GARAFOLA_HEN_2014_CONGENITALLY_LEARNED_HELPLESS_HC,FearAnxiety,NonDirectional
GeneWeaver_Ponder_2008_GS137384_Gene expressions in hippocampus of rapid selection response for contextual fear conditioning in a cross between C57BL/6J and A/J_Top25_Effect,GENEWEAVER_GS137384_PONDER2008_SELECTED FOR CONTEXTUAL FEAR CONDITIONING_MICE_HC,FearAnxiety,NonDirectional
GeneWeaver_Ponder_2008_GS213157_Differentially expressed genes in the hippocampus of high and low selected lines for fear conditioning_Top25_Effect,GENEWEAVER_GS213157_PONDER2008_SELECTED FOR HIGH VS LOW FEAR CONDITIONING_HC,FearAnxiety,NonDirectional
GeneWeaver_Ponder_2007_GS637_Differential Expression in Amygdala and Hippocampus of High vs. Low Anxiety Selected Lines_Top58_byPval,GENEWEAVER_GS637_PONDER2007_SELECTED FOR HIGH VS LOW ANXIETY_HC_AMY,FearAnxiety,NonDirectional
GeneWeaver_Czibere2011_GS137563_Differentially expressed genes between selected High Anxiety-related Behavior (HAB) and (Low Anxiety-related Behavior) LAB mice in all analyzed brain regions_Pval05,GENEWEAVER_GS137563_CZIBERE2011_HIGH VS LOW ANXIETY MICE,FearAnxiety,NonDirectional
GeneWeaver_Kim006_GS213206_Differentially expressed genes in common between both (A/J vs B6) AND (A/J vs C10 congenic lines) comparisons in P56 hippocampi contributing to anxiety-like behaviors_Top25_byEffect,GENEWEAVER_GS213206_KIM2006_ANXIETY_DEGS IN (A/J VS B6) AND (A/J VS C10) LINES_HC,FearAnxiety,NonDirectional
DiazMoran_2013_NIHHighAnxietyRats_Upregulated_HC,DIAZMORAN_2013_NIHHIGHANXIETYRATS_UPREGULATED_HC,FearAnxiety,Up
Blaveri_2010_FlindersSensitiveLine_Upregulated_HC,BLAVERI_2010_FLINDERS_SENSITIVE_LINE_HC_UP,FearAnxiety,Up
Wilhelm_2013_FlindersSensitiveLine_Upregulated_HC,WILHELM_2013_FLINDERS_SENSITIVE_LINE_HC_UP,FearAnxiety,Up
Zhang_2005_SyracuseLowAvoidanceRats_Upregulated_HC,ZHANG_2005_SYRACUSE_LOW_AVOIDANCE_RATS_HC_UP,FearAnxiety,Up
Gemma_GSE60303_Genome-wide_analysis_of_stress-exposure-associated_and_exposure-related_individual_differences_associated_hippocampus_gene_expression_in_males_and_females._phenotype_minimal.response.to.predator.scent.stress_Up,GEMMA_GSE60303_MINIMAL.RESPONSE.TO.PREDATOR.SCENT.STRESS_HC_UP,FearAnxiety,Up
DiazMoran_2013_NIHHighAnxietyRats_Downregulated_HC,DIAZMORAN_2013_NIH_HIGH_ANXIETY_RATS_HC_DOWN,FearAnxiety,Down
Blaveri_2010_FlindersSensitiveLine_Downregulated_HC,BLAVERI_2010_FLINDERS_SENSITIVE_LINE_HC_DOWN,FearAnxiety,Down
Wilhelm_2013_FlindersSensitiveLine_Downregulated_HC,WILHELM_2013_FLINDERS_SENSITIVE_LINE_HC_DOWN,FearAnxiety,Down
Zhang_2005_SyracuseLowAvoidanceRats_Downregulated_HC,ZHANG_2005_SYRACUSE_LOW_AVOIDANCE_RATS_HC_DOWN,FearAnxiety,Down
Gemma_GSE4035_Selection_for_contextual_fear_conditioning_affects_anxiety-like_behaviors_and_gene_expression_(palme-affy-mouse-84746)_behavior_high.freezing_Down,GEMMA_GSE4035_SELECTION_FOR_CONTEXTUAL_FEAR_CONDITIONING_HIGH_FREEZING_DOWN,FearAnxiety,Down
Gemma_GSE60303_Genome-wide_analysis_of_stress-exposure-associated_and_exposure-related_individual_differences_associated_hippocampus_gene_expression_in_males_and_females._phenotype_minimal.response.to.predator.scent.stress_Down,GEMMA_GSE60303_MINIMAL.RESPONSE.TO.PREDATOR.SCENT.STRESS_HC_DOWN,FearAnxiety,Down
Pena_2019_StressVsCTRL_NACC,PENA_2019_STRESS_VS_CTRL_NACC,SocialStress,NonDirectional
Bagot_2017_StressSusceptibleVsCTRL_NACC,BAGOT_2017_STRESS_SUSCEPTIBLE_VS_CTRL_NACC,SocialStress,NonDirectional
Bagot_2016_StressSusceptibleVsCTRL_HC,BAGOT_2016_STRESS_SUSCEPTIBLE_VS_CTRL_HC,SocialStress,NonDirectional
GenWeaver_Stankiewicz2015_GS246610_Acute vs 8 days of social stress in outbred mice hippocampus_Pval001,GENEWEAVER_GS246610_STANKIEWICZ2015_ACUTE VS 8 DAYS OF SOCIAL STRESS IN MICE_HC,SocialStress,NonDirectional
Gemma_GSE59070_Effect_of_acute_and_chronic_social_stress_on_hippocampal_transcriptome_in_mice._timepoint_13.d.5.d.of.rest_Up,GEMMA_GSE59070_CHRONIC_SOCIAL_STRESS_IN_MICE_TIMEPOINT_13.D.5.D.OF.REST_HC_UP,SocialStress,Up
Gemma_GSE59070_Effect_of_acute_and_chronic_social_stress_on_hippocampal_transcriptome_in_mice._timepoint_8.d_Up,GEMMA_GSE59070_CHRONIC_SOCIAL_STRESS_IN_MICE_TIMEPOINT_8.D_UP,SocialStress,Up
Gemma_GSE59070_Effect_of_acute_and_chronic_social_stress_on_hippocampal_transcriptome_in_mice._timepoint_13.d_Up,GEMMA_GSE59070_CHRONIC_SOCIAL_STRESS_IN_MICE_TIMEPOINT_13.D_UP,SocialStress,Up
Gemma_GSE149195_Sequencing_to_determine_the_effect_of_neuronal_IL-1b_receptor_knockout_on_the_stress_effect_of_paired_fighting_social_defeat_in_mice_treatment_Stress_Up,GEMMA_GSE149195_SOCIAL_DEFEAT_STRESS_MICE_UP,SocialStress,Up
Gemma_GSE72343_Circuit-wide_transcriptional_profiling_reveals_region_specific_gene_co-expression_networks_regulating_depression_susceptibility_phenotype_resilient_Up,GEMMA_GSE72343_DEPRESSION_SUSCEPTIBILITY_PHENOTYPE_RESILIENT_MOUSE_UP,SocialStress,Up
Gemma_GSE72343_Circuit-wide_transcriptional_profiling_reveals_region_specific_gene_co-expression_networks_regulating_depression_susceptibility_phenotype_susceptible_Up,GEMMA_GSE72343_DEPRESSION_SUSCEPTIBILITY_PHENOTYPE_SUSCEPTIBLE_UP,SocialStress,Up
Gemma_GSE109315_Gene_expression_analysis_of_mouse_brain_regions_after_chronic_social_defeat_stress_(CSDS)_phenotype_resilient.to.chronic.social.defeat.stress_Up,GEMMA_GSE109315_RESILIENT.TO.CHRONIC.SOCIAL.DEFEAT.STRESS_MOUSE_UP,SocialStress,Up
Gemma_GSE109315_Gene_expression_analysis_of_mouse_brain_regions_after_chronic_social_defeat_stress_(CSDS)_phenotype_susceptible.to.chronic.social.defeat.stress_Up,GEMMA_GSE109315_SUSCEPTIBLE.TO.CHRONIC.SOCIAL.DEFEAT.STRESS_MOUSE_UP,SocialStress,Up
Gemma_GSE72343_Circuit-wide_transcriptional_profiling_reveals_region_specific_gene_co-expression_networks_regulating_depression_susceptibility_timepoint_28.d_chronic.social.defeat.stress_1.h_aggressor.re.exposure_Up,GEMMA_GSE72343_CHRONIC.SOCIAL.DEFEAT.STRESS_TIMEPOINT_28.D_1.H_AGGRESSOR.RE.EXPOSURE_MOUSE_UP,SocialStress,Up
Gemma_GSE72343_Circuit-wide_transcriptional_profiling_reveals_region_specific_gene_co-expression_networks_regulating_depression_susceptibility_timepoint_28.d_chronic.social.defeat.stress_Up,GEMMA_GSE72343_CHRONIC.SOCIAL.DEFEAT.STRESS_TIMEPOINT_28.D_MOUSE_UP,SocialStress,Up
"""Gemma_GSE139684_Transcriptional_profiling_of_astrocytes_in_the_prefrontal_cortex,_hippocampus,_accumbens_nucleus_and_caudate_putamen_of_a_Aldh1l1-TRAP_(JD130)_mouse_line_after_chronic_social_defeat_stress_treatment_non.fragile_Up""",GEMMA_GSE139684_CHRONIC_SOCIAL_DEFEAT_STRESS_NON.FRAGILE_MOUSE_ASTROCYTES_TRAP_UP,SocialStress,Up
"""Gemma_GSE139684_Transcriptional_profiling_of_astrocytes_in_the_prefrontal_cortex,_hippocampus,_accumbens_nucleus_and_caudate_putamen_of_a_Aldh1l1-TRAP_(JD130)_mouse_line_after_chronic_social_defeat_stress_treatment_Stress_Up""",GEMMA_GSE139684_CHRONIC_SOCIAL_DEFEAT_STRESS_MOUSE_ASTROCYTES_TRAP_UP,SocialStress,Up
Gemma_GSE109315_Gene_expression_analysis_of_mouse_brain_regions_after_chronic_social_defeat_stress_(CSDS)_phenotype_resilient.to.chronic.social.defeat.stress_Down,GEMMA_GSE109315_RESILIENT.TO.CHRONIC.SOCIAL.DEFEAT.STRESS_MOUSE_DOWN,SocialStress,Down
Gemma_GSE109315_Gene_expression_analysis_of_mouse_brain_regions_after_chronic_social_defeat_stress_(CSDS)_phenotype_susceptible.to.chronic.social.defeat.stress_Down,GEMMA_GSE109315_SUSCEPTIBLE.TO.CHRONIC.SOCIAL.DEFEAT.STRESS_MOUSE_DOWN,SocialStress,Down
Gemma_GSE72343_Circuit-wide_transcriptional_profiling_reveals_region_specific_gene_co-expression_networks_regulating_depression_susceptibility_timepoint_28.d_chronic.social.defeat.stress_1.h_aggressor.re.exposure_Down,GEMMA_GSE72343_CHRONIC.SOCIAL.DEFEAT.STRESS_TIMEPOINT_28.D_1.H_AGGRESSOR.RE.EXPOSURE_MOUSE_DOWN,SocialStress,Down
Gemma_GSE72343_Circuit-wide_transcriptional_profiling_reveals_region_specific_gene_co-expression_networks_regulating_depression_susceptibility_timepoint_28.d_chronic.social.defeat.stress_Down,GEMMA_GSE72343_CHRONIC.SOCIAL.DEFEAT.STRESS_TIMEPOINT_28.D_MOUSE_DOWN,SocialStress,Down
GeneWeaver_LoIaocona_2016_GS400101_Down-regulated genes in S-S (Social Stress) mice_Top25_byPval,GENEWEAVER_GS400101_LOIAOCONA2016_SOCIAL STRESS_MICE_DOWN,SocialStress,Down
"""Gemma_GSE139684_Transcriptional_profiling_of_astrocytes_in_the_prefrontal_cortex,_hippocampus,_accumbens_nucleus_and_caudate_putamen_of_a_Aldh1l1-TRAP_(JD130)_mouse_line_after_chronic_social_defeat_stress_treatment_non.fragile_Down""",GEMMA_GSE139684_CHRONIC_SOCIAL_DEFEAT_STRESS_NON.FRAGILE_MOUSE_ASTROCYTES_TRAP_DOWN,SocialStress,Down
"""Gemma_GSE139684_Transcriptional_profiling_of_astrocytes_in_the_prefrontal_cortex,_hippocampus,_accumbens_nucleus_and_caudate_putamen_of_a_Aldh1l1-TRAP_(JD130)_mouse_line_after_chronic_social_defeat_stress_treatment_Stress_Down""",GEMMA_GSE139684_CHRONIC_SOCIAL_DEFEAT_STRESS_MOUSE_ASTROCYTES_TRAP_DOWN,SocialStress,Down
Gemma_GSE102965_Learned_Helplessness_Regulates_Synapse_Related_LncRNAs_in_Mouse_Hippocampus_treatment_learned.helplessness.training_Up,GEMMA_GSE102965_LEARNED.HELPLESSNESS.TRAINING_MOUSE_HC_UP,FearConditioning,Up
Gemma_GSE74966_Genome-wide_maps_of_chromatin_changes_uppon_contextual_fear_conditioning_in_mice_(RNA-seq)_treatment_contextual.fear.conditioning_Up,GEMMA_GSE74966_CONTEXTUAL.FEAR.CONDITIONING_MICE_UP,FearConditioning,Up
Gemma_GSE74966_Genome-wide_maps_of_chromatin_changes_uppon_contextual_fear_conditioning_in_mice_(RNA-seq)_treatment_electric.shock_contextual.fear.conditioning_Up,GEMMA_GSE74966_ELECTRIC.SHOCK_CONTEXTUAL.FEAR.CONDITIONING_MICE_UP,FearConditioning,Up
Gemma_GSE95449_Experience-dependent_Epigenomic_Reorganization_in_the_Hippocampus_timepoint_1.h_Up,GEMMA_GSE95449_FEARCONDITIONING_TIMEPOINT_1.H_HC_UP,FearConditioning,Up
GeneWeaver_Keeley_2006_GS137377_Upregulated transcriptional response to nonassociative and associative components of classical fear conditioning in the Hippocampus_Up_Top25_byPval,GENEWEAVER_GS137377_KEELEY2006_CLASSICAL FEAR CONDITIONING_HC_UP,FearConditioning,Up
Gemma_GSE16158_Gene_expression_induced_by_trace_fear_conditioning_in_murine_hippocampus_timepoint_0.5.h_Up,GEMMA_GSE16158_TRACE_FEAR_CONDITIONING_IN_MOUSE_TIMEPOINT_0.5.H_HC_UP,FearConditioning,Up
Gemma_GSE16158_Gene_expression_induced_by_trace_fear_conditioning_in_murine_hippocampus_timepoint_2.h_Up,GEMMA_GSE16158_TRACE_FEAR_CONDITIONING_IN_MOUSE_TIMEPOINT_2.H_HC_UP,FearConditioning,Up
Gemma_GSE16158_Gene_expression_induced_by_trace_fear_conditioning_in_murine_hippocampus_timepoint_6.h_Up,GEMMA_GSE16158_TRACE_FEAR_CONDITIONING_IN_MOUSE_TIMEPOINT_6.H_HC_UP,FearConditioning,Up
Gemma_GSE50423_Contextual_fear_conditioning_in_the_mouse_hippocampus_timepoint_4.h_Up,GEMMA_GSE50423_CONTEXTUAL_FEAR_CONDITIONING_IN_MOUSE_TIMEPOINT_4.H_HC_UP,FearConditioning,Up
Gemma_GSE50423_Contextual_fear_conditioning_in_the_mouse_hippocampus_timepoint_12.h_Up,GEMMA_GSE50423_CONTEXTUAL_FEAR_CONDITIONING_IN_MOUSE_TIMEPOINT_12.H_HC_UP,FearConditioning,Up
Gemma_GSE50423_Contextual_fear_conditioning_in_the_mouse_hippocampus_timepoint_24.h_Up,GEMMA_GSE50423_CONTEXTUAL_FEAR_CONDITIONING_IN_MOUSE_TIMEPOINT_24.H_HC_UP,FearConditioning,Up
Gemma_GSE63412_RNA-seq_analysis_of_contextual_fear_conditioning_treatment_memory.retrieval_Up,GEMMA_GSE63412_CONTEXTUAL_FEAR_CONDITIONING_MEMORY.RETRIEVAL_UP,FearConditioning,Up
Gemma_GSE63412_RNA-seq_analysis_of_contextual_fear_conditioning_treatment_fear.conditioning_Up,GEMMA_GSE63412_CONTEXTUAL_FEAR_CONDITIONING_FEAR.CONDITIONING_UP,FearConditioning,Up
Gemma_GSE31063_Extinction_learning_timepoint_first.extinction.trial_Up,GEMMA_GSE31063_EXTINCTION_LEARNING_FIRST.EXTINCTION.TRIAL_UP,FearConditioning,Up
Gemma_GSE31063_Extinction_learning_timepoint_extinction.trial.low.freezing.behavior_Down,GEMMA_GSE31063_EXTINCTION_LEARNING_EXTINCTION.TRIAL.LOW.FREEZING.BEHAVIOR_DOWN,FearConditioning,Up
Gemma_GSE102965_Learned_Helplessness_Regulates_Synapse_Related_LncRNAs_in_Mouse_Hippocampus_treatment_nonlearned.helplessness.training_Up,GEMMA_GSE102965_NONLEARNED.HELPLESSNESS.TRAINING_MOUSE_HC_UP,FearConditioning,Down
Gemma_GSE74966_Genome-wide_maps_of_chromatin_changes_uppon_contextual_fear_conditioning_in_mice_(RNA-seq)_treatment_contextual.fear.conditioning_Down,GEMMA_GSE74966_CONTEXTUAL.FEAR.CONDITIONING_MICE_DOWN,FearConditioning,Down
Gemma_GSE74966_Genome-wide_maps_of_chromatin_changes_uppon_contextual_fear_conditioning_in_mice_(RNA-seq)_treatment_electric.shock_contextual.fear.conditioning_Down,GEMMA_GSE74966_ELECTRIC.SHOCK_CONTEXTUAL.FEAR.CONDITIONING_MICE_DOWN,FearConditioning,Down
Gemma_GSE95449_Experience-dependent_Epigenomic_Reorganization_in_the_Hippocampus_timepoint_1.h_Down,GEMMA_GSE95449_FEARCONDITIONING_TIMEPOINT_1.H_HC_DOWN,FearConditioning,Down
Gemma_GSE113796_mRNA-Seq_of_mouse_Mettl3_cKO_and_Fto_cKO_hippocampus_after_fear_conditioning_treatment_fear.conditioning_Down,GEMMA_GSE113796_FEAR.CONDITIONING_MOUSE_HC_DOWN,FearConditioning,Down
Gemma_GSE50423_Contextual_fear_conditioning_in_the_mouse_hippocampus_timepoint_4.h_Down,GEMMA_GSE50423_CONTEXTUAL_FEAR_CONDITIONING_IN_MOUSE_TIMEPOINT_4.H_HC_DOWN,FearConditioning,Down
Gemma_GSE50423_Contextual_fear_conditioning_in_the_mouse_hippocampus_timepoint_12.h_Down,GEMMA_GSE50423_CONTEXTUAL_FEAR_CONDITIONING_IN_MOUSE_TIMEPOINT_12.H_HC_DOWN,FearConditioning,Down
Gemma_GSE50423_Contextual_fear_conditioning_in_the_mouse_hippocampus_timepoint_24.h_Down,GEMMA_GSE50423_CONTEXTUAL_FEAR_CONDITIONING_IN_MOUSE_TIMEPOINT_24.H_HC_DOWN,FearConditioning,Down
Gemma_GSE31063_Extinction_learning_timepoint_first.extinction.trial_Down,GEMMA_GSE31063_EXTINCTION_LEARNING_FIRST.EXTINCTION.TRIAL_DOWN,FearConditioning,Down
Gemma_GSE31063_Extinction_learning_timepoint_extinction.trial.low.freezing.behavior_Up,GEMMA_GSE31063_EXTINCTION_LEARNING_EXTINCTION.TRIAL.LOW.FREEZING.BEHAVIOR_UP,FearConditioning,Down
GOBP_RESPONSE_TO_IMMOBILIZATION_STRESS,GOBP_RESPONSE_TO_IMMOBILIZATION_STRESS,OtherStress,NonDirectional
GeneWeaver_Andrus_2012_GS380536_Differential Expression of Genes Between NS and CRS Rats in the Hippocampus_Top25_byPval,GENEWEAVER_GS380536_ANDRUS2012_CHRONICRESTRAINTSTRESS_RAT_HIPPOCAMPUS,OtherStress,NonDirectional
GeneWeaver_Ordones_2021_GS399879 _Male_List of differentially expressed genes (DEGs) in the NAc of males and females in response to LBN_Top25_byPval,GENEWEAVER_GS399879_ORDONES2021 _LIMITED BEDDING AND NESTING_MALE_NACC,OtherStress,NonDirectional
Gray_2014_AllStressConditions_HC,GRAY_2014_ALL_STRESS_CONDITIONS_HC,OtherStress,NonDirectional
Gray_2014_ChronicRestraintAndForcedSwimStress_Upregulated_HC,GRAY_2014_CHRONIC_RESTRAINT_AND_FORCED_SWIM_STRESS_HC_UP,OtherStress,Up
Gray_2014_ChronicRestraintStress_Upregulated_HC,GRAY_2014_CHRONIC_RESTRAINT_STRESS_HC_UP,OtherStress,Up
Gray_2014_ForcedSwimStress_Upregulated_HC,GRAY_2014_FORCED_SWIM_STRESS_HC_UP,OtherStress,Up
"""Gemma_GSE100236_RNA_sequencing_of_whole,_ventral_and_dorsal_hippocampus_after_different_stress_conditions_treatment_swim.stress_Up""",GEMMA_GSE100236_SWIM.STRESS_HC_UP,OtherStress,Up
"""Gemma_GSE100236_RNA_sequencing_of_whole,_ventral_and_dorsal_hippocampus_after_different_stress_conditions_treatment_novelty.stress_Up""",GEMMA_GSE100236_NOVELTY.STRESS_UP,OtherStress,Up
"""Gemma_GSE100236_RNA_sequencing_of_whole,_ventral_and_dorsal_hippocampus_after_different_stress_conditions_treatment_restraint.stress_Up""",GEMMA_GSE100236_RESTRAINT.STRESS_UP,OtherStress,Up
Gemma_GSE47847_Early_life_stress_in_fathers_impairs_synaptic_plasticity_in_the_offspring_-__brain_collected_after_acute_swim_stress_treatment_acute.swim.stress_Up,GEMMA_GSE47847_ACUTE.SWIM.STRESS_UP,OtherStress,Up
Gemma_GSE131972_Early_Life_Stress_Restricts_Translational_Reactivity_in_CA3_Neurons_Associated_with_Altered_Stress_Response_in_Adulthood_treatment_1_treatment_2_forced.swim.test_Up,GEMMA_GSE131972_FORCED.SWIM.TEST_CA3NEURONS_UP,OtherStress,Up
Gemma_GSE131972_Early_Life_Stress_Restricts_Translational_Reactivity_in_CA3_Neurons_Associated_with_Altered_Stress_Response_in_Adulthood_treatment_1_treatment_2_early.life.stress_Up,GEMMA_GSE131972_EARLY.LIFE.STRESS_CA3NEURONS_UP,OtherStress,Up
Gemma_GSE156925_TRAP-Seq_uncovers_post-transcriptional_gene_regulation_after_acute_sleep_deprivation_treatment_Sleep.deprivation_Up,GEMMA_GSE156925_ACUTE_SLEEP_DEPRIVATION_TRAP-SEQ_UP,OtherStress,Up
"""Gemma_GSE151807_Expression_data_from_brain_parts_(amygdala,_hippocampus,_prefrontal_cortex,_and_cerebral_cortex)_from_mice_with_or_without_chronic_mild_stress_(CMS)_treatments._treatment_chronic.mild.stress_Up""",GEMMA_GSE151807_CHRONIC.MILD.STRESS_MICE_UP,OtherStress,Up
Gemma_GSE34424_The_Influence_of_Sleep_Deprivation_on_Hippocampal_CA1_Gene_Expression:_Relation_to_Stress_and_Aging_treatment_novel.environment.stress_72.h_Up,GEMMA_GSE34424_NOVEL.ENVIRONMENT.STRESS_72.H_HC_CA1_UP,OtherStress,Up
Gemma_GSE34424_The_Influence_of_Sleep_Deprivation_on_Hippocampal_CA1_Gene_Expression:_Relation_to_Stress_and_Aging_treatment_novel.environment.stress_24.h_Up,GEMMA_GSE34424_NOVEL.ENVIRONMENT.STRESS_24.H_HC_CA1_UP,OtherStress,Up
Gemma_GSE34424_The_Influence_of_Sleep_Deprivation_on_Hippocampal_CA1_Gene_Expression:_Relation_to_Stress_and_Aging_treatment_sleep.deprivation_24.h_Up,GEMMA_GSE34424_SLEEP.DEPRIVATION_24.H_HC_CA1_UP,OtherStress,Up
Gemma_GSE34424_The_Influence_of_Sleep_Deprivation_on_Hippocampal_CA1_Gene_Expression:_Relation_to_Stress_and_Aging_treatment_sleep.deprivation_72.h_Up,GEMMA_GSE34424_SLEEP.DEPRIVATION_72.H_HC_CA1_UP,OtherStress,Up
Gray_2014_ChronicRestraintAndForcedSwimStress_Downregulated_HC,GRAY_2014_CHRONIC_RESTRAINT_AND_FORCED_SWIM_STRESS_HC_DOWN,OtherStress,Down
Gray_2014_ChronicRestraintStress_Downregulated_HC,GRAY_2014_CHRONIC_RESTRAINT_STRESS_HC_DOWN,OtherStress,Down
Gray_2014_ForcedSwimStress_Downregulated_HC,GRAY_2014_FORCED_SWIM_STRESS_HC_DOWN,OtherStress,Down
"""Gemma_GSE100236_RNA_sequencing_of_whole,_ventral_and_dorsal_hippocampus_after_different_stress_conditions_treatment_swim.stress_Down""",GEMMA_GSE100236_SWIM.STRESS_HC_DOWN,OtherStress,Down
Gemma_GSE47847_Early_life_stress_in_fathers_impairs_synaptic_plasticity_in_the_offspring_-__brain_collected_after_acute_swim_stress_treatment_acute.swim.stress_Down,GEMMA_GSE47847_ACUTE.SWIM.STRESS_DOWN,OtherStress,Down
Gemma_GSE131972_Early_Life_Stress_Restricts_Translational_Reactivity_in_CA3_Neurons_Associated_with_Altered_Stress_Response_in_Adulthood_treatment_1_treatment_2_forced.swim.test_Down,GEMMA_GSE131972_FORCED.SWIM.TEST_CA3NEURONS_DOWN,OtherStress,Down
Gemma_GSE131972_Early_Life_Stress_Restricts_Translational_Reactivity_in_CA3_Neurons_Associated_with_Altered_Stress_Response_in_Adulthood_treatment_1_treatment_2_early.life.stress_Down,GEMMA_GSE131972_EARLY.LIFE.STRESS_CA3NEURONS_DOWN,OtherStress,Down
Gemma_GSE156925_TRAP-Seq_uncovers_post-transcriptional_gene_regulation_after_acute_sleep_deprivation_treatment_Sleep.deprivation_Down,GEMMA_GSE156925_ACUTE_SLEEP_DEPRIVATION_TRAP-SEQ_DOWN,OtherStress,Down
"""Gemma_GSE151807_Expression_data_from_brain_parts_(amygdala,_hippocampus,_prefrontal_cortex,_and_cerebral_cortex)_from_mice_with_or_without_chronic_mild_stress_(CMS)_treatments._treatment_chronic.mild.stress_Down""",GEMMA_GSE151807_CHRONIC.MILD.STRESS_MICE_DOWN,OtherStress,Down
Gemma_GSE34424_The_Influence_of_Sleep_Deprivation_on_Hippocampal_CA1_Gene_Expression:_Relation_to_Stress_and_Aging_treatment_novel.environment.stress_72.h_Down,GEMMA_GSE34424_NOVEL.ENVIRONMENT.STRESS_72.H_HC_CA1_DOWN,OtherStress,Down
Gemma_GSE34424_The_Influence_of_Sleep_Deprivation_on_Hippocampal_CA1_Gene_Expression:_Relation_to_Stress_and_Aging_treatment_novel.environment.stress_24.h_Down,GEMMA_GSE34424_NOVEL.ENVIRONMENT.STRESS_24.H_HC_CA1_DOWN,OtherStress,Down
GOBP_GLUCOCORTICOID_BIOSYNTHETIC_PROCESS,GOBP_GLUCOCORTICOID_BIOSYNTHETIC_PROCESS,Glucocorticoid,NonDirectional
GOBP_GLUCOCORTICOID_SECRETION,GOBP_GLUCOCORTICOID_SECRETION,Glucocorticoid,NonDirectional
GOBP_CORTICOSTEROID_HORMONE_SECRETION,GOBP_CORTICOSTEROID_HORMONE_SECRETION,Glucocorticoid,NonDirectional
HP_ABNORMALITY_OF_CIRCULATING_GLUCOCORTICOID_LEVEL,HP_ABNORMALITY_OF_CIRCULATING_GLUCOCORTICOID_LEVEL,Glucocorticoid,NonDirectional
HP_ABNORMALITY_OF_CIRCULATING_ADRENOCORTICOTROPIN_LEVEL,HP_ABNORMALITY_OF_CIRCULATING_ADRENOCORTICOTROPIN_LEVEL,Glucocorticoid,NonDirectional
GOMF_GLUCOCORTICOID_RECEPTOR_BINDING,GOMF_GLUCOCORTICOID_RECEPTOR_BINDING,Glucocorticoid,NonDirectional
GOBP_CORTICOSTEROID_RECEPTOR_SIGNALING_PATHWAY,GOBP_CORTICOSTEROID_RECEPTOR_SIGNALING_PATHWAY,Glucocorticoid,NonDirectional
GOBP_CELLULAR_RESPONSE_TO_CORTICOSTEROID_STIMULUS,GOBP_CELLULAR_RESPONSE_TO_CORTICOSTEROID_STIMULUS,Glucocorticoid,NonDirectional
GOBP_RESPONSE_TO_CORTICOSTEROID,GOBP_RESPONSE_TO_CORTICOSTEROID,Glucocorticoid,NonDirectional
GOBP_RESPONSE_TO_CORTICOSTERONE,GOBP_RESPONSE_TO_CORTICOSTERONE,Glucocorticoid,NonDirectional
GOBP_RESPONSE_TO_MINERALOCORTICOID,GOBP_RESPONSE_TO_MINERALOCORTICOID,Glucocorticoid,NonDirectional
GOBP_REGULATION_OF_GLUCOCORTICOID_METABOLIC_PROCESS,GOBP_REGULATION_OF_GLUCOCORTICOID_METABOLIC_PROCESS,Glucocorticoid,NonDirectional
GOBP_GLUCOCORTICOID_METABOLIC_PROCESS,GOBP_GLUCOCORTICOID_METABOLIC_PROCESS,Glucocorticoid,NonDirectional
GOBP_CORTISOL_METABOLIC_PROCESS,GOBP_CORTISOL_METABOLIC_PROCESS,Glucocorticoid,NonDirectional
HP_INCREASED_CIRCULATING_CORTISOL_LEVEL,HP_INCREASED_CIRCULATING_CORTISOL_LEVEL,Glucocorticoid,NonDirectional
CHEBOTAEV_GR_TARGETS_UP,CHEBOTAEV_GR_TARGETS_UP,Glucocorticoid,Up
RHEIN_ALL_GLUCOCORTICOID_THERAPY_UP,RHEIN_ALL_GLUCOCORTICOID_THERAPY_UP,Glucocorticoid,Up
Gray_2014_AcuteCorticosterone_Upregulated_HC,Gray_2014_AcuteCorticosterone_Upregulated_HC,Glucocorticoid,Up
Gemma_GSE30187_Expression_data_in_the_mouse_brain_following_the_glucocorticoid_receptor_overexpression_in_the_forebrain_(GRov)_during_different_periods_in_development_genotype_Overexpression_Nr3c1.mouse.nuclear.receptor.subfamily.3.group.C.member.1_Up,GEMMA_GSE30187_GLUCOCORTICOID_RECEPTOR_OVEREXPRESSION_IN_FOREBRAIN_UP,Glucocorticoid,Up
Gemma_GSE117758_Cell-type_specific_transcriptional_profiling_of_glucocorticoid_receptor-dependent_changes_in_the_nucleus_accumbens_treatment_dexamethasone_Up,GEMMA_GSE117758_DEXAMETHASONE_CELL-TYPE.SPECIFIC_NACC_UP,Glucocorticoid,Up
Gemma_GSE117758_Cell-type_specific_transcriptional_profiling_of_glucocorticoid_receptor-dependent_changes_in_the_nucleus_accumbens_cell_type_treatment_dexamethasone_Up,GEMMA_GSE117758_DEXAMETHASONE_BYCELLTYPE_CELL-TYPE.SPECIFIC_NACC_UP,Glucocorticoid,Up
HP_DECREASED_CIRCULATING_CORTISOL_LEVEL,HP_DECREASED_CIRCULATING_CORTISOL_LEVEL,Glucocorticoid,Down
CHEBOTAEV_GR_TARGETS_DN,CHEBOTAEV_GR_TARGETS_DN,Glucocorticoid,Down
RHEIN_ALL_GLUCOCORTICOID_THERAPY_DN,RHEIN_ALL_GLUCOCORTICOID_THERAPY_DN,Glucocorticoid,Down
Gray_2014_AcuteCorticosterone_Downregulated_HC,Gray_2014_AcuteCorticosterone_Downregulated_HC,Glucocorticoid,Down
Gemma_GSE30187_Expression_data_in_the_mouse_brain_following_the_glucocorticoid_receptor_overexpression_in_the_forebrain_(GRov)_during_different_periods_in_development_genotype_Overexpression_Nr3c1.mouse.nuclear.receptor.subfamily.3.group.C.member.1_Down,GEMMA_GSE30187_GLUCOCORTICOID_RECEPTOR_OVEREXPRESSION_IN_FOREBRAIN_DOWN,Glucocorticoid,Down
Gemma_GSE117758_Cell-type_specific_transcriptional_profiling_of_glucocorticoid_receptor-dependent_changes_in_the_nucleus_accumbens_treatment_dexamethasone_Down,GEMMA_GSE117758_DEXAMETHASONE_CELL-TYPE.SPECIFIC_NACC_DOWN,Glucocorticoid,Down
RAMPON_ENRICHED_LEARNING_ENVIRONMENT_EARLY_UP,RAMPON_ENRICHED_LEARNING_ENVIRONMENT_EARLY_UP,Enrichment,Up
RAMPON_ENRICHED_LEARNING_ENVIRONMENT_LATE_UP,RAMPON_ENRICHED_LEARNING_ENVIRONMENT_LATE_UP,Enrichment,Up
Gemma_GSE95740_Environmental_enrichment_increases_transcriptional_and_epigenetic_differentiation_between_mouse_dorsal_and_ventral_dentate_gyrus_neurons_treatment_enriched.environment_Up,GEMMA_GSE95740_ENVIRONMENTAL_ENRICHMENT_MOUSE_DG_UP,Enrichment,Up
Gemma_GSE88736_Transcriptomics_of_environmental_enrichment_and_cocaine_using_quantitative_next_generation_sequencing_environmental_history_environmental.enrichment_Up,GEMMA_GSE88736_ENVIRONMENTAL.ENRICHMENT_UP,Enrichment,Up
Gemma_GSE95740_Environmental_enrichment_increases_transcriptional_and_epigenetic_differentiation_between_mouse_dorsal_and_ventral_dentate_gyrus_neurons_treatment_enriched.environment_Down,GEMMA_GSE95740_ENVIRONMENTAL_ENRICHMENT_MOUSE_DG_DOWN,Enrichment,Down
Gemma_GSE88736_Transcriptomics_of_environmental_enrichment_and_cocaine_using_quantitative_next_generation_sequencing_environmental_history_environmental.enrichment_Down,GEMMA_GSE88736_ENVIRONMENTAL.ENRICHMENT_DOWN,Enrichment,Down
HP_IMPAIRED_SOCIAL_INTERACTIONS,HP_IMPAIRED_SOCIAL_INTERACTIONS,Social,NonDirectional
HP_ABNORMAL_SOCIAL_BEHAVIOR,HP_ABNORMAL_SOCIAL_BEHAVIOR,Social,NonDirectional
HP_AUTISTIC_BEHAVIOR,HP_AUTISTIC_BEHAVIOR,Social,NonDirectional
HP_AUTISM,HP_AUTISM,Social,NonDirectional
Gandal_2018_AutismSpectrumDisorder_Upregulated_Cortex,GANDAL_2018_AUTISM_SPECTRUM_DISORDER_CORTEX_UP,Social,Up
Gemma_GSE81501_Hippocampal_gene_expression_signature_in_autistic_BTBR_mice_strain_BTBR.mouse_Up,"GEMMA_GSE81501_""AUTISTIC""_BTBR_MICE_STRAIN_HC_UP",Social,Up
Gandal_2018_AutismSpectrumDisorder_Downregulated_Cortex,GANDAL_2018_AUTISM_SPECTRUM_DISORDER_CORTEX_DOWN,Social,Down
Gemma_GSE81501_Hippocampal_gene_expression_signature_in_autistic_BTBR_mice_strain_BTBR.mouse_Down,"GEMMA_GSE81501_""AUTISTIC""_BTBR_MICE_STRAIN_HC_DOWN",Social,Down
Gemma_GSE51612_Transcriptome_profiling_in_Engrailed2_knockout_mice_reveals_common_molecular_pathways_associated_with_ASD._genotype_En2.mouse.engrailed.2_Homozygous.negative_Down,"GEMMA_GSE51612_""AUTISTIC""_ENGRAILED2_KNOCKOUT_MICE_DOWN",Social,Down
HP_ABNORMAL_AGGRESSIVE_IMPULSIVE_OR_VIOLENT_BEHAVIOR,HP_ABNORMAL_AGGRESSIVE_IMPULSIVE_OR_VIOLENT_BEHAVIOR,Aggression,NonDirectional
HP_AGGRESSIVE_BEHAVIOR,HP_AGGRESSIVE_BEHAVIOR,Aggression,NonDirectional
HP_IRRITABILITY,HP_IRRITABILITY,Aggression,NonDirectional
HP_LOW_FRUSTRATION_TOLERANCE,HP_LOW_FRUSTRATION_TOLERANCE,Aggression,NonDirectional
GOBP_LOCOMOTORY_BEHAVIOR,GOBP_LOCOMOTORY_BEHAVIOR,Activity,NonDirectional
GOBP_ADULT_LOCOMOTORY_BEHAVIOR,GOBP_ADULT_LOCOMOTORY_BEHAVIOR,Activity,NonDirectional
GOBP_LOCOMOTORY_EXPLORATION_BEHAVIOR,GOBP_LOCOMOTORY_EXPLORATION_BEHAVIOR,Activity,NonDirectional
GOBP_EXPLORATION_BEHAVIOR,GOBP_EXPLORATION_BEHAVIOR,Activity,NonDirectional
HP_RESTLESSNESS,HP_RESTLESSNESS,Activity,NonDirectional
HP_DISINHIBITION,HP_DISINHIBITION,Activity,NonDirectional
HP_HYPERACTIVITY,HP_HYPERACTIVITY,Activity,NonDirectional
HP_ATTENTION_DEFICIT_HYPERACTIVITY_DISORDER,HP_ATTENTION_DEFICIT_HYPERACTIVITY_DISORDER,Activity,NonDirectional
Gemma_GSE12457_Comparison_of_Environmental_and_Genetic_models_of_ADHD_strain_Sprague.Dawley_Up,GEMMA_GSE12457_RATMODEL_ADHD_STRAIN_SPRAGUE.DAWLEY_UP,Activity,Up
Gemma_GSE12457_Comparison_of_Environmental_and_Genetic_models_of_ADHD_strain_Wistar.Kyoto_Up,GEMMA_GSE12457_RATMODEL_ADHD_STRAIN_WISTARKYOTO_UP,Activity,Up
Gemma_GSE12457_Comparison_of_Environmental_and_Genetic_models_of_ADHD_treatment_Aroclor.1254_Aroclor.1260_Up,GEMMA_GSE12457_MODEL_ADHD_AROCLOR.1254_1260_UP,Activity,Up
Gemma_GSE132930_Transcriptional_profiling_reveals_running_promotes_cerebrovascular_remodeling_in_young_but_not_midlife_mice_treatment_running_Up,GEMMA_GSE132930_MICE_TREATMENT_RUNNING_UP,Activity,Up
GOBP_POSITIVE_REGULATION_OF_LOCOMOTION,GOBP_POSITIVE_REGULATION_OF_LOCOMOTION,Activity,Up
Birt_Hagenauer_2020_BredHighRespondersToNovelty_Upregulated_HC,BIRT_HAGENAUER_2020_BRED_HIGH_RESPONDERS_TO_NOVELTY_HC_UP,Activity,Up
Gemma_GSE132930_Transcriptional_profiling_reveals_running_promotes_cerebrovascular_remodeling_in_young_but_not_midlife_mice_treatment_running_Down,GEMMA_GSE132930_MICE_TREATMENT_RUNNING_DOWN,Activity,Down
GOBP_NEGATIVE_REGULATION_OF_LOCOMOTION,GOBP_NEGATIVE_REGULATION_OF_LOCOMOTION,Activity,Down
Gemma_GSE12457_Comparison_of_Environmental_and_Genetic_models_of_ADHD_strain_Sprague.Dawley_Down,GEMMA_GSE12457_RATMODEL_ADHD_STRAIN_SPRAGUE.DAWLEY_DOWN,Activity,Down
Gemma_GSE12457_Comparison_of_Environmental_and_Genetic_models_of_ADHD_strain_Wistar.Kyoto_Down,GEMMA_GSE12457_RATMODEL_ADHD_STRAIN_WISTARKYOTO_DOWN,Activity,Down
Gemma_GSE12457_Comparison_of_Environmental_and_Genetic_models_of_ADHD_treatment_Aroclor.1254_Aroclor.1260_Down,GEMMA_GSE12457_MODEL_ADHD_AROCLOR.1254_1260_DOWN,Activity,Down
Birt_Hagenauer_2020_BredLowRespondersToNovelty_Upregulated_HC,BIRT_HAGENAUER_2020_BRED_LOW_RESPONDERS_TO_NOVELTY_HC_UP,Activity,Down